유저ID,주식명,연간 마이너스 확률,리밸런싱 비율,수익률/총자산
jinho,aerospace,0.64,0.47,-0.18
kyungsoo,realestate,0.17,0.95,0.02
jisoo,schd,0.55,0.86,0.09
minseok,transport,0.62,0.91,-0.09
jonghyun,telecom,0.27,0.08,0.01
sumin,realestate,0.66,0.3,-0.32
sehyun,ecommerce,0.45,0.09,-0.05
sehyun,finance,0.66,0.22,0.05
sehyun,finance,0.67,0.62,0.35
minseok,cloud,0.57,0.35,-0.18
jonghyun,ecommerce,0.17,0.24,0.49
hwan,construction,0.61,0.28,0.2
jihoon,auto,0.56,0.71,0.41
nari,cloud,0.37,0.03,-0.43
jisoo,auto,0.15,0.09,-0.08
seungri,tech,0.42,0.07,0.35
jisoo,travel,0.53,0.97,-0.43
jihoon,aerospace,0.44,0.04,0.27
jihoon,cure,0.35,0.67,-0.2
minseok,construction,0.67,0.08,-0.1
seungri,consumer,0.5,0.77,-0.17
seungri,biotech,0.36,0.11,-0.31
nari,chemicals,0.67,0.81,0.19
seungri,consumer,0.53,0.93,-0.13
minseok,pharma,0.3,0.88,0.07
soojin,cloud,0.19,0.86,0.35
seungri,transport,0.61,0.7,0.29
jihoon,magx,0.17,0.55,-0.21
jonghyun,ecommerce,0.41,0.78,0.18
minseok,cure,0.33,0.58,-0.39
seungri,consumer,0.2,0.11,-0.35
jonghyun,auto,0.66,0.28,-0.17
kyungsoo,health,0.51,0.03,-0.13
kyungsoo,metals,0.14,0.84,-0.03
hwan,healthtech,0.29,0.25,0.12
soojin,health,0.21,0.39,0.13
minji,food,0.1,0.66,-0.41
jinho,health,0.27,0.77,0.33
sehyun,schd,0.26,0.48,0.18
sumin,metals,0.17,0.34,-0.36
hwan,construction,0.12,0.93,0.19
hwan,finance,0.58,0.54,-0.12
seungri,schd,0.62,0.68,-0.11
kyungsoo,health,0.11,0.94,-0.13
yuna,schd,0.44,0.1,-0.17
soojin,food,0.41,0.29,-0.32
jonghyun,software,0.61,0.09,-0.39
sehyun,tech,0.56,0.28,0.37
minseok,aerospace,0.61,0.22,-0.48
soojin,energy,0.54,0.65,-0.07
hwan,energy,0.4,0.59,-0.07
sehyun,cure,0.19,0.26,-0.22
sehyun,cloud,0.53,0.16,0.19
jinho,schd,0.59,0.33,-0.34
nari,realestate,0.2,0.37,-0.14
sumin,cure,0.39,0.52,0.3
nari,retail,0.32,0.24,-0.22
kyungsoo,software,0.54,0.46,0.13
sehyun,auto,0.55,0.06,0.37
kyungsoo,construction,0.19,0.03,-0.02
jinho,health,0.47,0.82,0.2
jihoon,metals,0.11,0.15,-0.24
kyungsoo,travel,0.53,0.59,-0.22
nari,metals,0.43,0.45,0.09
sehyun,biotech,0.45,0.91,-0.5
jihoon,cure,0.46,0.11,-0.13
jinho,schd,0.3,0.47,0.29
sunghoon,tech,0.7,0.94,0.13
sehyun,tech,0.35,0.58,0.39
jinho,semiconductors,0.62,0.26,0.31
soojin,utility,0.36,0.63,0.24
jinho,transport,0.53,0.17,0.02
kyungsoo,pharma,0.36,0.99,-0.49
jonghyun,software,0.68,0.92,0.07
seungri,construction,0.66,0.14,0.42
sumin,auto,0.42,0.51,0.04
sunghoon,cloud,0.62,0.08,0.47
hwan,auto,0.14,0.86,0.41
soojin,magx,0.23,0.56,-0.46
soojin,aerospace,0.35,0.54,-0.14
jonghyun,transport,0.47,0.28,-0.31
sehyun,food,0.25,0.72,0.08
sehyun,semiconductors,0.47,0.47,-0.2
seungri,travel,0.47,0.75,0.15
jihoon,cloud,0.64,0.83,-0.3
jisoo,energy,0.32,0.41,0.12
hwan,energy,0.26,0.62,-0.42
minseok,semiconductors,0.5,0.55,-0.12
jihoon,cloud,0.39,0.71,0.38
minji,semiconductors,0.28,0.2,-0.4
jonghyun,cony,0.65,0.11,-0.4
jisoo,tech,0.63,0.8,0.07
sunghoon,pharma,0.26,0.43,0.02
nari,aerospace,0.33,0.0,0.34
hwan,food,0.36,0.87,0.43
jihoon,health,0.22,0.89,0.08
jinho,retail,0.32,0.67,0.37
soojin,transport,0.34,0.41,0.0
minseok,software,0.25,0.05,0.23
jonghyun,finance,0.47,0.45,-0.36
jihoon,media,0.52,0.26,-0.33
yuna,auto,0.27,0.47,-0.08
hwan,schd,0.3,0.39,-0.46
minji,tech,0.32,0.07,-0.24
sumin,media,0.42,0.79,-0.02
sunghoon,food,0.14,1.0,0.04
seungri,metals,0.3,0.38,0.44
sunghoon,consumer,0.62,0.13,-0.42
nari,healthtech,0.38,0.86,-0.47
sehyun,chemicals,0.37,0.87,0.18
sumin,cloud,0.27,0.4,-0.46
sehyun,realestate,0.47,0.58,0.16
minji,cony,0.17,0.39,-0.07
hwan,chemicals,0.7,0.63,-0.24
minseok,construction,0.49,0.94,-0.02
sehyun,chemicals,0.16,0.73,0.46
jihoon,metals,0.37,0.22,-0.08
yuna,finance,0.31,0.63,-0.13
minji,schd,0.2,0.5,-0.45
minseok,pharma,0.51,0.82,-0.34
sunghoon,chemicals,0.41,0.8,-0.29
jihoon,schd,0.18,0.45,0.15
sehyun,utility,0.56,0.0,-0.06
jisoo,schd,0.44,0.29,-0.34
jinho,healthtech,0.59,0.98,-0.37
sumin,food,0.31,0.55,0.35
jihoon,health,0.39,0.1,-0.38
minji,transport,0.58,0.59,-0.18
sunghoon,ecommerce,0.48,0.11,-0.08
minji,semiconductors,0.17,0.64,-0.14
nari,energy,0.17,0.14,0.08
kyungsoo,pharma,0.46,0.52,0.3
minji,food,0.48,0.1,0.23
minji,magx,0.61,0.44,-0.21
kyungsoo,food,0.48,0.2,0.11
sumin,auto,0.27,0.65,-0.41
sunghoon,construction,0.23,0.89,0.5
sehyun,ecommerce,0.48,0.27,0.42
sehyun,media,0.48,0.38,0.13
yuna,metals,0.42,0.53,0.05
jihoon,cony,0.58,0.11,-0.19
yuna,healthtech,0.7,0.17,-0.31
jisoo,finance,0.62,0.14,-0.42
jisoo,aerospace,0.59,0.17,0.31
hwan,pharma,0.19,0.72,-0.03
nari,healthtech,0.46,0.0,-0.18
sehyun,media,0.68,0.04,0.31
hwan,food,0.52,0.11,0.47
jonghyun,realestate,0.68,0.75,0.01
seungri,semiconductors,0.41,0.05,0.43
sunghoon,auto,0.41,0.86,-0.26
yuna,magx,0.19,0.09,0.28
minseok,chemicals,0.55,0.75,-0.42
seungri,health,0.58,0.58,0.33
kyungsoo,aerospace,0.6,0.08,0.04
hwan,magx,0.5,0.41,0.29
sumin,energy,0.69,0.21,-0.23
sunghoon,healthtech,0.47,0.95,-0.31
sehyun,construction,0.31,0.89,0.19
sunghoon,semiconductors,0.48,0.16,-0.5
jihoon,finance,0.51,0.5,-0.18
sehyun,schd,0.67,0.53,-0.3
soojin,travel,0.35,0.76,-0.49
hwan,energy,0.29,0.46,0.09
jihoon,health,0.52,0.16,-0.49
kyungsoo,biotech,0.28,0.09,-0.14
seungri,construction,0.41,0.3,-0.11
jisoo,chemicals,0.14,0.4,-0.14
minseok,finance,0.14,0.46,0.39
sunghoon,cure,0.48,0.36,-0.48
jisoo,semiconductors,0.56,0.98,0.26
sumin,realestate,0.65,0.32,-0.28
soojin,pharma,0.64,0.89,0.04
nari,retail,0.35,0.79,0.25
jisoo,chemicals,0.29,0.23,-0.46
kyungsoo,energy,0.31,0.91,0.24
seungri,metals,0.22,0.14,0.04
sunghoon,realestate,0.39,0.0,-0.11
sumin,metals,0.11,0.58,0.02
kyungsoo,construction,0.21,0.73,0.22
hwan,cure,0.51,0.74,-0.25
minseok,finance,0.51,0.69,-0.2
yuna,auto,0.5,0.46,-0.48
sunghoon,construction,0.67,0.79,-0.45
minji,cloud,0.45,0.73,-0.4
sunghoon,realestate,0.33,0.73,0.34
seungri,media,0.34,0.75,-0.37
nari,pharma,0.56,0.07,0.5
hwan,health,0.62,0.22,0.44
seungri,media,0.34,0.59,0.42
minseok,schd,0.56,0.07,-0.03
sunghoon,utility,0.29,0.11,0.25
sunghoon,retail,0.59,0.21,0.18
jisoo,metals,0.4,0.95,0.21
sehyun,schd,0.63,0.96,0.1
jihoon,metals,0.65,0.85,0.15
sehyun,aerospace,0.63,0.97,0.1
seungri,food,0.22,0.85,-0.07
seungri,energy,0.23,0.54,-0.05
hwan,schd,0.33,0.55,-0.46
seungri,aerospace,0.48,0.28,-0.27
jinho,food,0.36,0.93,-0.09
soojin,transport,0.16,0.43,0.05
seungri,construction,0.38,0.71,-0.39
sehyun,pharma,0.17,0.21,-0.1
hwan,cure,0.12,0.61,-0.12
jonghyun,construction,0.19,0.6,-0.17
yuna,biotech,0.6,0.59,-0.47
jihoon,retail,0.38,0.77,-0.24
kyungsoo,metals,0.16,0.42,0.35
jonghyun,energy,0.21,0.98,0.32
jihoon,utility,0.4,0.9,-0.06
yuna,media,0.62,0.91,-0.24
jinho,cure,0.17,0.91,0.2
jisoo,media,0.57,0.88,-0.19
jisoo,utility,0.15,0.65,0.47
seungri,schd,0.53,0.06,-0.24
jonghyun,software,0.13,0.61,0.25
minji,retail,0.59,0.12,0.35
kyungsoo,tech,0.22,0.61,-0.08
jihoon,utility,0.65,0.57,0.1
jisoo,energy,0.43,0.41,-0.49
soojin,consumer,0.24,0.32,0.07
sunghoon,magx,0.33,0.41,0.14
jisoo,energy,0.21,0.66,0.09
minseok,magx,0.65,0.38,-0.49
soojin,construction,0.33,0.3,0.16
soojin,auto,0.16,0.3,-0.36
jonghyun,tech,0.52,0.35,-0.49
minseok,telecom,0.45,0.48,-0.13
sunghoon,energy,0.28,0.27,-0.04
jinho,health,0.63,0.38,-0.09
nari,retail,0.29,0.29,-0.1
nari,health,0.49,0.62,-0.31
yuna,media,0.43,0.15,-0.11
minseok,tech,0.59,0.73,0.04
kyungsoo,telecom,0.29,0.3,0.21
jinho,biotech,0.12,0.2,-0.24
minji,cony,0.2,0.46,-0.26
jonghyun,tech,0.39,0.9,-0.07
yuna,auto,0.12,0.16,0.29
jisoo,chemicals,0.63,0.12,-0.36
minseok,software,0.16,0.42,0.29
jonghyun,cloud,0.54,0.47,0.31
jinho,transport,0.34,0.67,-0.34
nari,software,0.22,0.2,0.33
minji,telecom,0.43,0.5,0.18
jonghyun,retail,0.18,0.38,0.32
sumin,cloud,0.57,0.6,-0.5
soojin,travel,0.57,0.91,-0.44
sumin,media,0.4,0.46,-0.33
jihoon,media,0.36,0.05,-0.44
seungri,chemicals,0.64,0.06,0.32
yuna,retail,0.46,0.19,-0.4
yuna,pharma,0.3,0.64,0.44
jihoon,auto,0.67,0.85,-0.04
jonghyun,pharma,0.37,0.17,0.26
minji,chemicals,0.23,0.76,-0.25
hwan,energy,0.45,0.71,0.27
minseok,transport,0.25,0.1,0.15
minseok,telecom,0.46,0.65,0.43
seungri,food,0.68,0.8,0.33
sumin,health,0.29,0.15,-0.17
yuna,metals,0.62,0.06,-0.27
sehyun,retail,0.61,0.25,0.17
jinho,auto,0.19,0.1,-0.07
sehyun,transport,0.54,0.43,0.13
jonghyun,telecom,0.55,0.23,-0.03
hwan,magx,0.12,0.08,-0.07
soojin,magx,0.19,0.14,-0.01
sehyun,food,0.54,0.51,0.28
jisoo,construction,0.33,0.51,0.35
jisoo,semiconductors,0.12,0.55,0.38
sumin,software,0.62,0.6,-0.15
minji,cloud,0.16,0.48,0.49
minseok,schd,0.44,0.72,-0.43
minseok,pharma,0.55,0.51,0.37
minseok,construction,0.2,0.98,-0.21
nari,travel,0.56,0.8,-0.03
jinho,finance,0.55,0.53,0.15
sumin,cure,0.65,0.19,0.24
soojin,semiconductors,0.54,0.48,0.19
yuna,cony,0.18,0.79,-0.02
jinho,health,0.17,0.49,0.23
jihoon,travel,0.25,0.59,-0.06
jinho,energy,0.47,0.24,-0.19
jihoon,metals,0.47,0.31,-0.4
sehyun,schd,0.38,0.27,0.22
jisoo,energy,0.17,0.43,-0.13
minseok,travel,0.39,0.09,0.21
yuna,cure,0.64,0.02,0.26
sunghoon,health,0.68,0.57,-0.28
sunghoon,chemicals,0.54,0.85,0.33
seungri,semiconductors,0.64,0.8,0.43
jihoon,transport,0.21,0.64,0.09
nari,media,0.67,0.54,0.27
minji,telecom,0.43,0.08,-0.41
jihoon,realestate,0.6,0.47,0.24
seungri,travel,0.38,0.26,-0.33
minseok,health,0.37,0.75,-0.41
sumin,schd,0.62,0.8,0.43
sunghoon,transport,0.16,0.44,-0.23
minseok,schd,0.39,0.97,-0.29
seungri,ecommerce,0.39,0.3,0.12
sumin,finance,0.14,0.84,0.16
jonghyun,software,0.49,0.75,0.29
yuna,magx,0.47,0.99,0.47
minseok,retail,0.4,0.86,-0.35
soojin,chemicals,0.66,0.92,-0.14
kyungsoo,health,0.29,0.03,0.49
jihoon,cloud,0.52,0.34,-0.26
yuna,cure,0.22,0.05,-0.32
sumin,cony,0.64,0.41,0.26
soojin,ecommerce,0.53,0.06,0.41
minseok,schd,0.42,0.33,-0.38
soojin,software,0.34,0.43,0.39
jonghyun,energy,0.4,0.67,0.25
sumin,cony,0.28,0.78,0.42
jihoon,schd,0.16,0.21,0.3
soojin,travel,0.25,0.5,-0.12
hwan,cloud,0.67,0.47,-0.19
yuna,transport,0.27,0.25,-0.41
minji,media,0.59,0.14,0.17
jinho,health,0.43,0.76,0.41
jonghyun,tech,0.66,0.37,-0.29
nari,biotech,0.13,0.67,0.2
jihoon,media,0.6,0.18,0.27
hwan,finance,0.39,0.3,-0.12
minji,cony,0.46,0.93,-0.46
sunghoon,pharma,0.25,0.9,-0.05
nari,finance,0.23,0.87,0.37
jisoo,chemicals,0.58,0.96,-0.28
sehyun,metals,0.36,0.15,-0.38
minseok,transport,0.14,0.13,-0.08
jihoon,construction,0.33,0.98,-0.49
sunghoon,tech,0.1,0.53,0.05
jihoon,cure,0.28,0.53,0.49
sumin,ecommerce,0.18,0.37,0.34
sunghoon,schd,0.44,0.69,0.03
jonghyun,biotech,0.11,0.05,-0.34
hwan,auto,0.49,0.45,-0.07
sunghoon,tech,0.2,0.98,-0.04
yuna,utility,0.3,0.66,0.0
sumin,energy,0.33,0.93,0.12
seungri,food,0.13,0.31,-0.11
nari,consumer,0.42,0.62,0.27
seungri,travel,0.24,0.91,0.25
jisoo,software,0.55,0.64,-0.13
soojin,consumer,0.4,0.33,-0.41
sehyun,travel,0.45,0.76,-0.08
jihoon,consumer,0.58,0.8,-0.22
hwan,aerospace,0.6,0.66,0.08
soojin,construction,0.46,0.69,0.31
nari,construction,0.43,0.44,-0.12
jonghyun,consumer,0.54,0.63,-0.23
yuna,food,0.63,0.09,-0.4
jisoo,energy,0.47,0.94,0.4
sehyun,pharma,0.41,0.71,-0.17
soojin,tech,0.43,0.79,-0.36
nari,food,0.2,0.09,-0.19
yuna,cloud,0.39,0.83,0.07
kyungsoo,biotech,0.66,0.58,-0.04
jihoon,food,0.48,0.89,-0.44
seungri,food,0.59,0.57,0.44
jisoo,aerospace,0.61,0.87,-0.08
sunghoon,media,0.36,0.6,-0.49
soojin,ecommerce,0.69,0.63,0.25
soojin,transport,0.17,0.3,-0.03
kyungsoo,utility,0.15,0.4,-0.08
sumin,magx,0.64,0.72,-0.16
jonghyun,auto,0.5,0.54,0.28
sunghoon,transport,0.62,0.34,-0.08
kyungsoo,software,0.58,0.25,0.28
soojin,finance,0.6,0.01,-0.24
sehyun,transport,0.13,0.37,-0.47
jinho,healthtech,0.31,0.27,0.46
minseok,utility,0.58,0.81,-0.02
seungri,semiconductors,0.54,0.52,0.46
sunghoon,chemicals,0.26,0.11,-0.32
seungri,software,0.4,0.15,0.32
jihoon,energy,0.12,0.32,0.3
kyungsoo,health,0.47,0.89,0.48
kyungsoo,cloud,0.46,0.69,-0.27
sehyun,utility,0.56,0.35,-0.42
soojin,realestate,0.53,0.53,0.28
sehyun,realestate,0.16,0.69,-0.39
jihoon,travel,0.43,0.21,0.41
jisoo,pharma,0.57,0.94,-0.27
jihoon,ecommerce,0.29,0.23,-0.37
kyungsoo,pharma,0.22,0.24,-0.42
nari,healthtech,0.67,0.82,0.06
jihoon,telecom,0.31,0.97,0.24
seungri,magx,0.17,0.68,-0.33
kyungsoo,food,0.28,0.52,0.48
kyungsoo,healthtech,0.65,0.05,0.11
minseok,energy,0.38,0.64,0.32
hwan,software,0.19,0.94,-0.49
sehyun,cloud,0.1,0.96,0.39
minseok,magx,0.67,0.86,-0.22
nari,utility,0.53,0.36,0.15
jisoo,semiconductors,0.2,0.54,0.35
seungri,aerospace,0.5,0.21,-0.05
jonghyun,food,0.34,0.13,0.09
minji,ecommerce,0.69,0.5,-0.3
seungri,software,0.51,0.22,-0.27
seungri,telecom,0.46,0.66,0.22
sehyun,realestate,0.64,0.36,-0.38
minji,semiconductors,0.37,0.82,-0.26
sunghoon,health,0.13,0.94,0.25
minseok,auto,0.22,0.08,0.08
soojin,biotech,0.59,0.82,-0.06
sunghoon,pharma,0.36,0.07,0.4
jonghyun,cony,0.32,0.2,-0.05
kyungsoo,utility,0.43,0.17,0.14
nari,biotech,0.59,0.14,-0.09
hwan,healthtech,0.68,0.51,0.28
jisoo,schd,0.62,0.96,0.35
kyungsoo,travel,0.53,0.95,0.09
nari,utility,0.49,0.39,-0.2
yuna,aerospace,0.38,0.88,0.42
sunghoon,finance,0.38,0.09,0.07
sumin,travel,0.61,0.85,0.29
nari,media,0.62,0.88,-0.01
sunghoon,aerospace,0.11,0.83,-0.36
yuna,energy,0.49,0.64,0.46
jinho,cure,0.53,0.59,0.22
yuna,metals,0.31,0.28,-0.29
sehyun,realestate,0.7,0.35,-0.27
yuna,pharma,0.49,0.77,0.03
jisoo,chemicals,0.47,0.33,0.38
minseok,cony,0.41,0.24,0.45
nari,magx,0.62,0.05,-0.15
soojin,construction,0.58,0.97,0.2
sumin,telecom,0.33,0.92,-0.11
yuna,realestate,0.52,0.57,-0.07
hwan,realestate,0.57,0.43,-0.01
jihoon,magx,0.16,0.81,-0.24
jihoon,health,0.47,0.37,-0.05
soojin,tech,0.42,0.26,0.34
sunghoon,travel,0.2,0.11,-0.35
yuna,aerospace,0.24,0.56,0.16
jinho,software,0.31,0.81,0.2
jinho,metals,0.21,0.72,-0.37
jinho,food,0.54,0.42,0.31
sehyun,auto,0.55,0.65,0.11
sumin,transport,0.5,0.9,0.1
sunghoon,healthtech,0.18,0.18,0.3
jisoo,schd,0.57,0.93,-0.38
nari,biotech,0.67,0.52,0.0
jisoo,auto,0.64,0.31,0.43
sehyun,software,0.28,0.08,0.21
hwan,retail,0.27,0.67,0.06
kyungsoo,magx,0.38,0.71,-0.27
jisoo,retail,0.63,0.78,-0.46
nari,metals,0.18,0.06,0.22
jisoo,telecom,0.58,0.57,0.12
jisoo,pharma,0.37,0.62,-0.31
jinho,transport,0.11,0.74,-0.46
jonghyun,magx,0.49,0.2,0.01
nari,energy,0.46,0.01,-0.25
soojin,food,0.1,0.44,-0.34
jonghyun,tech,0.23,0.29,0.43
jinho,realestate,0.31,0.49,0.06
seungri,finance,0.21,0.44,-0.36
sehyun,consumer,0.5,0.23,0.48
jihoon,utility,0.14,0.5,0.12
nari,finance,0.18,0.38,0.47
yuna,chemicals,0.34,0.48,0.18
yuna,telecom,0.39,0.46,-0.31
kyungsoo,retail,0.69,0.33,-0.02
sunghoon,schd,0.48,0.09,-0.11
jihoon,media,0.56,0.34,-0.48
jihoon,tech,0.41,0.78,0.25
nari,aerospace,0.63,0.77,-0.13
hwan,finance,0.44,0.89,-0.32
yuna,aerospace,0.44,0.57,0.01
soojin,telecom,0.27,0.41,-0.21
sunghoon,ecommerce,0.66,0.47,0.26
jisoo,ecommerce,0.25,0.52,0.15
sehyun,magx,0.5,0.07,0.44
sehyun,finance,0.27,0.67,0.45
jonghyun,software,0.48,0.42,-0.21
sumin,schd,0.29,0.79,-0.48
seungri,pharma,0.65,0.85,0.42
minji,chemicals,0.37,0.82,-0.25
jihoon,realestate,0.16,0.72,-0.49
sunghoon,biotech,0.28,0.03,0.46
hwan,realestate,0.41,0.06,-0.35
jisoo,finance,0.35,0.2,-0.01
minseok,health,0.32,0.63,-0.36
kyungsoo,tech,0.68,0.6,-0.45
hwan,tech,0.46,0.93,0.39
jisoo,cure,0.15,0.83,0.25
yuna,software,0.35,0.97,0.14
sehyun,utility,0.53,0.07,-0.48
sunghoon,healthtech,0.34,0.17,0.42
yuna,utility,0.2,0.61,-0.32
minseok,ecommerce,0.48,0.78,-0.26
sumin,cloud,0.24,0.51,-0.09
nari,auto,0.46,0.07,0.1
minji,telecom,0.2,0.97,0.04
soojin,utility,0.26,0.3,0.14
sunghoon,cloud,0.23,0.44,0.42
kyungsoo,schd,0.2,0.26,-0.02
sunghoon,transport,0.17,0.29,-0.21
jonghyun,aerospace,0.12,0.7,-0.42
jinho,food,0.51,0.8,-0.34
nari,aerospace,0.19,0.39,-0.07
sumin,cloud,0.59,0.74,-0.2
minji,construction,0.5,0.13,0.35
hwan,travel,0.28,0.55,-0.28
nari,biotech,0.41,0.51,-0.32
jonghyun,cure,0.6,0.13,-0.37
soojin,consumer,0.49,0.06,-0.33
jinho,pharma,0.42,0.13,0.42
jinho,ecommerce,0.3,0.16,-0.02
jihoon,metals,0.47,0.45,0.15
yuna,food,0.47,0.5,-0.29
seungri,tech,0.5,0.32,0.02
minji,auto,0.5,0.96,0.15
nari,biotech,0.16,0.99,0.39
jihoon,pharma,0.23,0.0,-0.22
jinho,cony,0.66,0.42,0.17
yuna,auto,0.65,0.98,-0.22
jinho,tech,0.12,0.73,-0.39
sunghoon,cloud,0.55,1.0,-0.31
jisoo,ecommerce,0.21,0.32,-0.37
nari,realestate,0.65,0.46,0.43
minseok,cony,0.19,0.64,-0.44
minji,software,0.54,0.16,0.27
sehyun,construction,0.65,0.89,-0.22
jinho,schd,0.19,0.6,-0.38
nari,transport,0.26,0.38,0.05
jonghyun,biotech,0.41,0.22,0.5
jisoo,chemicals,0.18,0.81,-0.04
seungri,magx,0.42,0.32,0.08
sehyun,cony,0.13,0.16,0.11
minseok,consumer,0.25,0.93,0.13
sumin,retail,0.15,0.41,-0.01
seungri,metals,0.23,0.59,0.13
jisoo,utility,0.52,0.48,-0.4
jonghyun,cure,0.18,0.89,0.25
sumin,retail,0.58,0.27,-0.21
jinho,food,0.34,0.81,-0.44
sunghoon,pharma,0.46,0.72,0.48
kyungsoo,finance,0.57,0.8,0.4
jonghyun,utility,0.11,0.92,-0.45
jonghyun,retail,0.66,0.51,0.34
minji,media,0.47,0.1,-0.2
minseok,aerospace,0.55,0.6,0.05
jisoo,schd,0.66,0.8,-0.15
seungri,telecom,0.16,0.37,-0.28
sunghoon,energy,0.57,0.15,0.15
minseok,pharma,0.53,0.32,0.48
jinho,tech,0.54,0.1,0.47
sehyun,auto,0.67,0.47,-0.23
nari,metals,0.66,0.38,-0.02
jisoo,construction,0.3,0.69,0.31
seungri,retail,0.59,0.79,0.31
yuna,realestate,0.14,0.96,0.47
sumin,consumer,0.47,0.02,0.11
jinho,tech,0.43,0.65,0.14
hwan,construction,0.68,0.43,0.41
kyungsoo,food,0.39,0.85,0.46
yuna,telecom,0.32,0.91,0.07
minseok,magx,0.21,0.87,0.34
minseok,magx,0.58,0.38,-0.31
jonghyun,realestate,0.5,0.9,0.02
sehyun,finance,0.59,0.46,0.49
kyungsoo,construction,0.17,0.12,-0.08
jonghyun,cloud,0.51,0.83,-0.22
nari,energy,0.16,0.49,0.49
jinho,energy,0.29,0.69,-0.15
sehyun,media,0.39,0.01,0.32
seungri,aerospace,0.63,0.13,-0.05
hwan,pharma,0.56,0.11,-0.22
jinho,aerospace,0.23,0.91,0.39
nari,semiconductors,0.28,0.06,-0.15
nari,metals,0.4,0.4,0.13
sunghoon,realestate,0.34,0.5,-0.07
jinho,metals,0.53,0.17,-0.26
hwan,realestate,0.63,0.92,-0.29
hwan,realestate,0.49,0.25,-0.14
jonghyun,transport,0.38,0.51,-0.46
minji,consumer,0.51,0.19,-0.28
jonghyun,food,0.4,0.52,0.31
minji,telecom,0.66,0.69,0.45
sehyun,cloud,0.53,0.08,-0.26
soojin,construction,0.21,0.89,0.0
nari,retail,0.47,0.25,-0.16
minji,realestate,0.17,0.32,-0.42
sumin,tech,0.31,0.22,-0.2
kyungsoo,semiconductors,0.42,0.45,-0.27
sehyun,cloud,0.31,0.63,0.46
minseok,tech,0.19,0.84,-0.06
jisoo,cloud,0.16,0.19,-0.06
sunghoon,realestate,0.21,0.59,0.36
jihoon,travel,0.28,0.7,0.19
kyungsoo,health,0.32,0.69,-0.41
jinho,food,0.21,0.15,-0.01
sunghoon,health,0.55,0.04,-0.09
hwan,travel,0.37,0.15,0.01
sumin,pharma,0.56,0.43,-0.21
jonghyun,cloud,0.43,0.2,-0.09
hwan,pharma,0.46,0.84,-0.04
sumin,construction,0.4,0.93,-0.15
jinho,health,0.26,0.72,0.28
hwan,consumer,0.59,0.99,-0.29
minji,biotech,0.14,0.78,-0.35
jinho,software,0.12,0.58,0.16
jihoon,food,0.1,0.72,0.03
kyungsoo,utility,0.23,0.08,0.46
nari,cony,0.59,0.51,0.27
jinho,magx,0.7,0.51,-0.11
sunghoon,energy,0.7,0.58,0.05
jihoon,construction,0.1,0.2,-0.39
seungri,retail,0.55,0.43,-0.42
minseok,biotech,0.68,0.89,0.14
minji,pharma,0.63,0.37,0.37
sumin,realestate,0.45,0.22,-0.25
hwan,auto,0.62,0.45,-0.48
soojin,healthtech,0.37,0.84,0.15
jihoon,magx,0.3,0.36,-0.07
jisoo,food,0.37,0.25,-0.0
yuna,finance,0.7,0.4,0.47
seungri,realestate,0.47,0.73,-0.01
hwan,healthtech,0.68,0.22,0.12
hwan,retail,0.55,0.39,0.31
soojin,food,0.55,0.84,0.03
soojin,utility,0.64,0.53,-0.03
sumin,schd,0.39,0.26,0.14
soojin,auto,0.17,0.26,-0.2
kyungsoo,chemicals,0.53,0.35,0.27
minji,telecom,0.2,0.05,0.04
jinho,retail,0.51,0.07,0.11
sumin,magx,0.54,0.94,-0.27
sunghoon,cure,0.43,0.8,0.05
hwan,travel,0.11,0.84,-0.08
sumin,transport,0.29,0.68,0.43
soojin,transport,0.15,0.48,0.02
soojin,aerospace,0.35,0.72,0.48
sumin,finance,0.4,0.1,0.44
yuna,semiconductors,0.63,0.66,-0.11
kyungsoo,media,0.37,0.53,-0.15
minseok,software,0.15,0.55,0.39
jinho,metals,0.23,0.04,0.36
sumin,aerospace,0.63,0.25,0.37
nari,schd,0.57,0.03,-0.02
minseok,health,0.41,0.58,-0.33
seungri,finance,0.12,0.33,-0.39
nari,schd,0.37,0.99,-0.36
soojin,pharma,0.28,0.44,0.03
kyungsoo,auto,0.62,0.76,-0.34
minseok,ecommerce,0.62,0.75,0.04
jihoon,ecommerce,0.18,0.55,-0.27
hwan,metals,0.15,0.86,0.49
minseok,transport,0.62,0.5,0.2
minseok,schd,0.62,0.47,0.4
sehyun,pharma,0.56,0.25,0.44
yuna,realestate,0.31,0.4,0.43
minseok,media,0.33,0.77,0.28
jisoo,aerospace,0.65,0.68,0.45
nari,software,0.2,0.67,0.43
sumin,schd,0.15,0.14,-0.42
sunghoon,media,0.12,0.12,-0.24
minseok,pharma,0.34,0.58,0.06
sumin,software,0.7,0.78,-0.32
minseok,chemicals,0.26,0.11,0.24
hwan,schd,0.36,0.71,0.04
jihoon,schd,0.36,0.47,0.14
hwan,software,0.22,0.83,-0.23
sehyun,ecommerce,0.61,0.4,-0.41
jisoo,aerospace,0.4,0.05,-0.05
jonghyun,retail,0.48,0.21,0.02
seungri,retail,0.26,0.12,0.34
sunghoon,schd,0.11,0.94,0.1
hwan,healthtech,0.11,0.5,0.14
jonghyun,semiconductors,0.2,0.02,-0.11
minseok,chemicals,0.52,0.53,-0.34
sunghoon,travel,0.29,0.18,0.35
sehyun,chemicals,0.57,0.89,-0.27
sumin,travel,0.39,0.1,-0.07
minji,cure,0.63,0.1,-0.32
kyungsoo,media,0.29,0.71,0.26
soojin,finance,0.31,0.32,0.41
minji,utility,0.65,0.34,-0.37
minji,healthtech,0.37,0.88,0.2
sunghoon,utility,0.11,0.18,0.09
minji,semiconductors,0.21,0.83,-0.26
kyungsoo,media,0.23,0.27,-0.27
sehyun,consumer,0.57,0.31,-0.45
yuna,metals,0.22,0.19,0.18
kyungsoo,health,0.57,0.46,0.22
jonghyun,cony,0.53,0.51,0.24
minji,semiconductors,0.1,0.4,-0.23
kyungsoo,consumer,0.1,0.11,0.24
jihoon,software,0.53,0.63,0.04
sehyun,pharma,0.4,0.54,0.03
soojin,chemicals,0.49,0.65,-0.29
sumin,transport,0.23,0.24,-0.46
seungri,retail,0.24,0.73,-0.36
nari,cloud,0.51,0.81,0.32
yuna,semiconductors,0.46,0.77,0.03
sunghoon,construction,0.19,0.5,0.47
jisoo,cloud,0.18,0.9,-0.11
jihoon,software,0.52,0.18,0.02
sunghoon,utility,0.42,0.82,-0.04
jisoo,schd,0.11,0.76,0.23
jinho,health,0.31,0.03,-0.15
sunghoon,transport,0.22,0.26,0.49
jisoo,realestate,0.56,0.47,-0.01
jonghyun,cure,0.17,0.21,-0.35
sunghoon,pharma,0.56,0.94,0.34
yuna,health,0.16,0.23,-0.49
jisoo,transport,0.67,0.77,-0.1
seungri,energy,0.35,0.34,-0.16
yuna,retail,0.55,0.87,-0.36
sehyun,biotech,0.19,0.06,0.29
minseok,media,0.21,0.77,0.11
jinho,aerospace,0.29,1.0,-0.24
minseok,transport,0.38,0.91,0.42
jihoon,metals,0.37,0.52,-0.19
minji,biotech,0.6,0.21,0.18
jonghyun,energy,0.65,0.75,-0.13
sumin,healthtech,0.4,0.54,0.44
hwan,metals,0.33,0.76,-0.34
jonghyun,food,0.48,0.5,0.47
jisoo,tech,0.69,0.66,0.4
minji,finance,0.28,0.55,-0.11
hwan,cony,0.4,0.25,0.17
sehyun,finance,0.29,0.83,0.39
nari,realestate,0.68,0.18,0.01
seungri,metals,0.56,0.96,-0.41
minseok,cony,0.26,0.6,-0.16
sumin,energy,0.26,0.25,0.04
kyungsoo,chemicals,0.16,0.13,0.35
jisoo,finance,0.58,0.13,0.43
jonghyun,software,0.47,0.93,0.19
jisoo,cony,0.21,0.33,-0.23
hwan,transport,0.16,0.5,0.32
kyungsoo,media,0.44,0.22,0.04
sumin,construction,0.68,0.23,-0.34
soojin,cony,0.12,0.5,0.25
jonghyun,food,0.43,0.3,0.18
jonghyun,cony,0.26,0.13,0.15
minji,health,0.6,0.01,-0.08
sumin,consumer,0.24,0.34,-0.35
jinho,media,0.66,0.58,-0.48
sumin,pharma,0.5,0.83,0.35
nari,retail,0.53,0.24,0.09
jinho,ecommerce,0.32,0.1,0.32
minseok,consumer,0.53,0.61,-0.17
seungri,cloud,0.19,0.41,0.35
nari,consumer,0.69,0.94,0.03
sumin,biotech,0.47,0.02,-0.29
yuna,software,0.56,0.54,0.16
hwan,media,0.47,0.19,-0.22
minji,biotech,0.28,0.32,-0.19
seungri,software,0.3,0.23,0.15
jihoon,biotech,0.44,0.78,0.06
yuna,retail,0.64,0.34,0.4
seungri,semiconductors,0.14,0.39,0.2
jonghyun,auto,0.69,0.97,-0.06
kyungsoo,pharma,0.61,0.33,0.32
yuna,utility,0.52,0.42,0.38
jisoo,realestate,0.46,0.87,-0.08
minseok,semiconductors,0.16,0.31,-0.11
sehyun,software,0.24,0.04,0.01
sehyun,finance,0.19,0.25,-0.39
soojin,schd,0.52,0.58,-0.17
yuna,magx,0.53,0.6,0.43
sunghoon,pharma,0.22,0.09,-0.11
jihoon,biotech,0.43,0.57,-0.02
sumin,finance,0.41,0.21,-0.29
jonghyun,ecommerce,0.18,0.27,0.09
jonghyun,biotech,0.28,0.82,-0.47
sunghoon,health,0.11,0.09,0.17
hwan,aerospace,0.34,0.44,0.21
seungri,healthtech,0.46,0.16,0.21
jisoo,energy,0.57,0.83,0.02
minji,pharma,0.42,0.84,0.07
jonghyun,food,0.38,0.65,-0.08
nari,software,0.41,0.45,0.09
minji,utility,0.51,0.63,-0.27
jisoo,schd,0.67,0.69,0.39
minseok,transport,0.66,0.65,0.5
jinho,cure,0.13,0.3,0.13
minseok,schd,0.3,0.59,-0.35
minji,schd,0.21,0.93,0.19
soojin,metals,0.3,0.39,0.45
minji,cony,0.34,0.56,0.25
yuna,cony,0.1,0.63,-0.48
minji,metals,0.55,0.66,0.26
seungri,realestate,0.44,0.61,-0.21
kyungsoo,healthtech,0.11,0.7,-0.33
hwan,media,0.39,0.62,0.24
jisoo,finance,0.25,0.57,-0.33
soojin,aerospace,0.54,0.72,-0.07
seungri,cure,0.11,0.99,-0.44
kyungsoo,cloud,0.46,0.66,0.16
soojin,tech,0.69,0.98,0.02
jinho,healthtech,0.61,0.41,0.23
kyungsoo,metals,0.44,0.53,-0.39
minji,pharma,0.33,0.35,-0.25
jisoo,realestate,0.15,0.18,0.49
seungri,realestate,0.52,0.23,-0.45
kyungsoo,health,0.12,0.06,-0.08
jihoon,chemicals,0.56,0.79,-0.35
jinho,ecommerce,0.55,0.87,-0.09
nari,biotech,0.11,0.56,0.05
jinho,finance,0.32,0.11,-0.29
jinho,cloud,0.5,0.8,0.02
jinho,schd,0.2,0.74,0.02
yuna,health,0.12,0.43,-0.4
hwan,retail,0.34,0.59,0.27
yuna,cony,0.21,0.31,-0.24
sunghoon,transport,0.6,0.45,0.24
sunghoon,semiconductors,0.12,0.85,-0.23
sehyun,energy,0.25,0.17,-0.12
sehyun,tech,0.43,0.87,0.09
jonghyun,tech,0.69,0.39,0.48
hwan,cony,0.26,0.65,0.13
jihoon,ecommerce,0.19,0.67,0.25
nari,pharma,0.38,0.52,-0.44
sunghoon,consumer,0.58,0.52,0.27
minseok,magx,0.53,0.79,-0.26
kyungsoo,consumer,0.34,0.62,-0.32
yuna,cloud,0.26,0.48,0.02
sumin,cony,0.61,0.04,0.11
jisoo,realestate,0.44,0.74,-0.04
hwan,media,0.5,0.84,0.17
jonghyun,utility,0.6,0.07,0.21
jihoon,semiconductors,0.11,0.34,-0.05
minji,biotech,0.55,0.45,-0.49
jonghyun,metals,0.44,0.03,0.32
seungri,media,0.53,0.71,-0.04
sehyun,biotech,0.44,0.97,-0.09
yuna,ecommerce,0.54,0.01,-0.19
jonghyun,consumer,0.35,0.4,0.1
nari,cony,0.57,0.48,-0.36
yuna,health,0.21,0.11,0.01
sumin,utility,0.29,0.57,0.45
jihoon,auto,0.53,0.68,0.03
jisoo,ecommerce,0.26,0.05,-0.08
minji,ecommerce,0.36,0.75,0.32
jisoo,food,0.36,0.78,0.18
jinho,chemicals,0.7,0.19,-0.05
jihoon,aerospace,0.68,0.93,0.34
sehyun,transport,0.15,0.91,-0.1
soojin,food,0.37,0.76,0.06
seungri,biotech,0.43,0.44,0.08
jinho,metals,0.32,0.05,-0.13
minji,healthtech,0.68,0.96,0.17
jihoon,consumer,0.22,0.3,-0.39
jihoon,magx,0.4,0.81,-0.21
yuna,biotech,0.52,1.0,0.05
kyungsoo,health,0.55,0.78,-0.34
nari,magx,0.25,0.75,0.41
kyungsoo,food,0.59,0.17,0.12
soojin,finance,0.14,0.44,0.17
kyungsoo,healthtech,0.23,0.22,-0.03
jonghyun,software,0.1,0.21,-0.24
jisoo,realestate,0.44,0.71,0.11
sunghoon,ecommerce,0.22,0.71,0.39
hwan,metals,0.17,0.08,-0.28
yuna,construction,0.28,0.7,-0.28
yuna,biotech,0.59,0.29,0.45
kyungsoo,utility,0.54,0.15,-0.49
seungri,biotech,0.65,0.43,-0.47
jihoon,schd,0.65,0.46,-0.05
minji,energy,0.46,0.91,0.18
minseok,tech,0.59,0.28,-0.28
soojin,magx,0.13,0.79,-0.13
jonghyun,consumer,0.55,0.33,-0.38
sehyun,chemicals,0.31,0.25,0.44
sunghoon,magx,0.47,0.35,0.13
nari,food,0.69,0.42,0.41
sunghoon,transport,0.68,0.3,0.38
jonghyun,media,0.18,0.47,0.21
minji,cloud,0.2,0.82,-0.44
soojin,schd,0.14,0.27,0.25
seungri,tech,0.66,0.71,-0.12
sunghoon,magx,0.14,0.71,0.44
hwan,food,0.4,0.33,-0.2
yuna,healthtech,0.23,0.29,-0.21
minji,biotech,0.11,0.82,0.32
seungri,cony,0.7,0.99,0.24
kyungsoo,energy,0.69,0.43,0.26
minji,software,0.27,0.4,-0.44
sunghoon,construction,0.43,0.51,-0.45
sunghoon,ecommerce,0.1,0.9,-0.14
soojin,tech,0.38,0.06,0.06
sunghoon,ecommerce,0.58,0.63,0.01
yuna,finance,0.3,0.06,0.36
sunghoon,consumer,0.62,0.05,0.0
seungri,healthtech,0.23,0.44,0.18
yuna,pharma,0.68,0.63,0.13
hwan,consumer,0.45,0.51,-0.47
jinho,health,0.58,0.58,-0.11
jihoon,consumer,0.48,0.95,0.5
sehyun,realestate,0.2,0.38,0.14
kyungsoo,chemicals,0.65,0.94,-0.12
jihoon,cony,0.18,0.71,-0.48
jisoo,consumer,0.3,0.71,0.32
seungri,consumer,0.15,0.82,-0.5
sunghoon,pharma,0.27,0.26,0.07
soojin,metals,0.2,0.84,0.21
sunghoon,aerospace,0.41,0.68,0.13
sehyun,magx,0.39,0.92,-0.04
kyungsoo,metals,0.64,0.53,0.27
kyungsoo,cloud,0.32,0.0,0.13
sunghoon,magx,0.66,0.29,-0.35
jisoo,pharma,0.53,0.53,-0.05
kyungsoo,biotech,0.32,0.38,-0.33
soojin,auto,0.57,0.98,0.17
minji,tech,0.67,0.71,-0.23
nari,semiconductors,0.1,0.4,0.11
minji,metals,0.25,0.17,-0.29
jonghyun,auto,0.49,0.05,-0.28
sunghoon,media,0.37,0.12,-0.09
sumin,semiconductors,0.24,0.07,-0.02
jonghyun,software,0.39,0.12,0.25
yuna,energy,0.16,0.64,0.4
jisoo,retail,0.5,0.07,-0.38
minji,consumer,0.31,0.37,-0.32
hwan,healthtech,0.29,0.62,-0.45
sumin,travel,0.15,0.91,0.09
jonghyun,healthtech,0.45,0.38,-0.33
minji,consumer,0.46,0.32,-0.41
jinho,biotech,0.41,0.53,-0.22
nari,consumer,0.37,0.84,-0.44
minji,finance,0.61,0.3,-0.06
sunghoon,retail,0.31,0.96,-0.09
jihoon,biotech,0.3,0.55,0.46
soojin,realestate,0.53,0.3,-0.09
sumin,aerospace,0.38,0.84,-0.03
minseok,construction,0.41,0.22,-0.06
minseok,cloud,0.63,0.77,-0.36
jinho,tech,0.5,0.18,-0.41
nari,magx,0.11,0.29,-0.23
seungri,auto,0.61,0.77,0.29
jihoon,chemicals,0.67,0.52,-0.27
jisoo,realestate,0.31,0.16,0.09
hwan,cony,0.7,0.11,-0.2
minseok,magx,0.67,0.42,-0.23
seungri,realestate,0.57,0.71,-0.09
soojin,energy,0.1,0.62,0.42
seungri,transport,0.46,0.09,0.18
jihoon,cloud,0.59,0.64,-0.28
kyungsoo,cure,0.43,0.31,0.3
sehyun,aerospace,0.43,0.94,0.31
jisoo,retail,0.13,0.7,-0.43
seungri,metals,0.65,0.52,-0.35
jihoon,cloud,0.45,0.1,-0.37
minji,cure,0.45,0.52,-0.1
jonghyun,biotech,0.52,0.61,-0.33
minji,telecom,0.67,0.12,-0.25
jisoo,biotech,0.54,0.67,0.26
kyungsoo,energy,0.28,0.55,-0.06
sehyun,food,0.23,0.78,0.47
yuna,cloud,0.57,0.9,0.33
jonghyun,healthtech,0.64,0.8,-0.17
minji,cure,0.52,0.41,0.05
nari,utility,0.12,0.83,0.09
jihoon,media,0.62,0.67,-0.3
hwan,schd,0.7,0.52,0.29
kyungsoo,cloud,0.14,0.51,-0.13
nari,ecommerce,0.28,0.07,0.09
yuna,healthtech,0.63,0.75,-0.24
yuna,metals,0.54,0.52,-0.2
soojin,tech,0.2,0.71,-0.13
minseok,retail,0.35,0.82,0.21
sumin,transport,0.16,0.19,0.37
sumin,pharma,0.25,0.16,0.32
minseok,cony,0.43,0.04,-0.15
kyungsoo,cure,0.44,0.56,0.42
seungri,software,0.63,0.26,-0.12
jihoon,retail,0.29,0.41,0.34
hwan,energy,0.54,0.1,0.32
sehyun,realestate,0.53,0.56,-0.13
jisoo,auto,0.24,0.51,-0.31
kyungsoo,cloud,0.52,0.11,-0.43
soojin,magx,0.14,0.59,0.16
jonghyun,media,0.59,0.56,0.48
soojin,travel,0.13,0.13,0.11
jihoon,software,0.43,0.93,0.48
sunghoon,chemicals,0.54,0.76,0.11
hwan,tech,0.36,0.93,-0.13
sunghoon,finance,0.31,0.36,0.42
jisoo,food,0.2,0.79,0.11
sehyun,cloud,0.65,0.92,0.39
hwan,utility,0.38,0.49,0.27
nari,telecom,0.18,0.72,0.45
sumin,travel,0.51,0.74,0.43
jisoo,media,0.42,0.35,0.03
jonghyun,cure,0.23,0.32,0.21
jonghyun,schd,0.43,0.3,-0.23
soojin,ecommerce,0.37,0.54,-0.39
jihoon,construction,0.7,0.14,0.47
jonghyun,tech,0.49,0.41,-0.03
